{
  "__type__": "cc.AnimationClip",
  "_name": "shake",
  "_objFlags": 0,
  "_native": "",
  "_duration": 0.6666666666666666,
  "sample": 15,
  "speed": 0.5,
  "wrapMode": 22,
  "curveData": {
    "props": {
      "scale": [
        {
          "frame": 0,
          "value": {
            "__type__": "cc.Vec2",
            "x": 1,
            "y": 1
          }
        },
        {
          "frame": 0.3333333333333333,
          "value": {
            "__type__": "cc.Vec2",
            "x": 0.85,
            "y": 0.85
          }
        },
        {
          "frame": 0.6666666666666666,
          "value": {
            "__type__": "cc.Vec2",
            "x": 1,
            "y": 1
          }
        }
      ]
    }
  },
  "events": []
}