{
  "9836134e-b892-4283-b6b2-78b5acf3ed45": {
    "asset": 1619528760130,
    "meta": 1568707382000,
    "relativePath": "effects"
  },
  "f8e6b000-5643-4b86-9080-aa680ce1f599": {
    "asset": 1619528760317,
    "meta": 1568707382000,
    "relativePath": "image"
  },
  "5c3eedba-6c41-4c0c-9ba7-d91f813cbd1c": {
    "asset": 1619528760333,
    "meta": 1568707382000,
    "relativePath": "materials"
  },
  "fc09f9bd-2cce-4605-b630-8145ef809ed6": {
    "asset": 1619528760348,
    "meta": 1568707382000,
    "relativePath": "misc"
  },
  "db019bf7-f71c-4111-98cf-918ea180cb48": {
    "asset": 1619528760473,
    "meta": 1568707382000,
    "relativePath": "model"
  },
  "e39e96e6-6f6e-413f-bcf1-ac7679bb648a": {
    "asset": 1619528760458,
    "meta": 1568707382000,
    "relativePath": "model\\prefab"
  },
  "f6e6dd15-71d1-4ffe-ace7-24fd39942c05": {
    "asset": 1619528760505,
    "meta": 1568707382000,
    "relativePath": "obsolete"
  },
  "f743d2b6-b7ea-4c14-a55b-547ed4d0a045": {
    "asset": 1619528760520,
    "meta": 1568707382000,
    "relativePath": "particle"
  },
  "ae6c6c98-11e4-452f-8758-75f5c6a56e83": {
    "asset": 1619528760755,
    "meta": 1568707382000,
    "relativePath": "prefab"
  },
  "d8afc78c-4eac-4a9f-83dd-67bc70344d33": {
    "asset": 1619528760898,
    "meta": 1568707382000,
    "relativePath": "resources"
  },
  "294c1663-4adf-4a1e-a795-53808011a38a": {
    "asset": 1619528760820,
    "meta": 1568707382000,
    "relativePath": "resources\\effects"
  },
  "bbee2217-c261-49bd-a8ce-708d6bcc3500": {
    "asset": 1619528760898,
    "meta": 1568707382000,
    "relativePath": "resources\\materials"
  },
  "29f52784-2fca-467b-92e7-8fd9ef8c57b7": {
    "asset": 1623978595765,
    "meta": 1623829831547,
    "relativePath": "Scene"
  },
  "4734c20c-0db8-4eb2-92ea-e692f4d70934": {
    "asset": 1623978595809,
    "meta": 1623829831551,
    "relativePath": "Script"
  },
  "b1178aa0-33e9-46c7-b772-200a1b310a9b": {
    "asset": 1623978595779,
    "meta": 1623829831551,
    "relativePath": "Script\\Controller"
  },
  "2d2f792f-a40c-49bb-a189-ed176a246e49": {
    "asset": 1624523126786,
    "meta": 1624523126813,
    "relativePath": "Scene\\helloworld.fire"
  },
  "4b5d8f6a-e99f-4375-addf-d6f885c4daae": {
    "asset": 1623978595788,
    "meta": 1623829831552,
    "relativePath": "Script\\Model"
  },
  "6f88ee7c-8a53-4978-9ab6-0b4fea9befdf": {
    "asset": 1623829831552,
    "meta": 1623978699394,
    "relativePath": "Script\\Controller\\GameController.js"
  },
  "d46ad782-1c30-4ca8-91dd-f8a86318edca": {
    "asset": 1623829831553,
    "meta": 1623978699451,
    "relativePath": "Script\\Model\\GameModel.js"
  },
  "affa7561-5b2d-4764-9926-5c8fda16586e": {
    "asset": 1623978595808,
    "meta": 1623829831554,
    "relativePath": "Script\\Utils"
  },
  "cb9115f7-f31a-498d-97cd-6be375753b53": {
    "asset": 1623829831557,
    "meta": 1623978699614,
    "relativePath": "Script\\Utils\\DownloadUrl.js"
  },
  "084b1fe8-4e49-4f95-9ba1-db2da3d35fa8": {
    "asset": 1623829831557,
    "meta": 1623978699653,
    "relativePath": "Script\\Utils\\PlayformSDK.js"
  },
  "caa2a754-a264-447d-9f3e-a999116e9e6b": {
    "asset": 1624262079196,
    "meta": 1623829831558,
    "relativePath": "Script\\Views"
  },
  "bd20b62e-753c-461b-bf5b-4fda393e8399": {
    "asset": 1623829831558,
    "meta": 1623978699684,
    "relativePath": "Script\\Utils\\utils.js"
  },
  "5a0a9e8d-04c9-494d-acf9-b053fdfe4d5d": {
    "asset": 1623829831560,
    "meta": 1623978699767,
    "relativePath": "Script\\Views\\CenterView.js"
  },
  "ab171416-88af-484e-8197-2f40a5be46ba": {
    "asset": 1623829831561,
    "meta": 1623978699791,
    "relativePath": "Script\\Views\\CountDownView.js"
  },
  "a6a3776b-87b9-4ea0-ba22-52fe0839c225": {
    "asset": 1623829831562,
    "meta": 1623978699893,
    "relativePath": "Script\\Views\\TurnView.js"
  },
  "7b81d4e8-ec84-4716-968d-500ac1d78a54": {
    "asset": 1624171676056,
    "meta": 1623829831563,
    "relativePath": "Texture"
  },
  "f58eee28-b7e8-4aa9-92b2-9b49f3cd2c46": {
    "asset": 1624238941962,
    "meta": 1623829831563,
    "relativePath": "Texture\\animation"
  },
  "ad13666e-3278-49bf-9e67-ea505bf89949": {
    "asset": 1623829831564,
    "meta": 1623978699898,
    "relativePath": "Texture\\animation\\bomb.anim"
  },
  "a15257c4-caf8-4d64-bedc-70d59f16c973": {
    "asset": 1623829831564,
    "meta": 1623978699899,
    "relativePath": "Texture\\animation\\lightSpin.anim"
  },
  "010896df-3f8a-43f0-ad11-14d39a3f816e": {
    "asset": 1623829831565,
    "meta": 1623978699902,
    "relativePath": "Texture\\animation\\little_guy.anim"
  },
  "92a7d2e9-7b56-4eff-8b89-7a9804533855": {
    "asset": 1623829831565,
    "meta": 1623978699902,
    "relativePath": "Texture\\animation\\shake.anim"
  },
  "5e738479-3473-4abb-81d9-ac369dc83575": {
    "asset": 1624415080485,
    "meta": 1623829831565,
    "relativePath": "Texture\\image"
  },
  "5f8e8d0a-89b1-400b-9c75-fce7cbb0e717": {
    "asset": 1623829831566,
    "meta": 1623978699904,
    "relativePath": "Texture\\image\\AutoAtlas.pac"
  },
  "3319518d-b3e5-4506-9b85-bdfad754e6f6": {
    "asset": 1623978595924,
    "meta": 1623829831566,
    "relativePath": "Texture\\image\\award"
  },
  "68ce5c3d-0ad6-4f5d-9824-850a49fffa51": {
    "asset": 1623829831568,
    "meta": 1623978699937,
    "relativePath": "Texture\\image\\award\\cardBtn.png"
  },
  "48e0bc4c-6dad-4c79-b934-84e39eea15eb": {
    "asset": 1623829831569,
    "meta": 1623978699939,
    "relativePath": "Texture\\image\\award\\cash_out.png"
  },
  "d689e384-20f3-42f4-b3e4-3f82b417b883": {
    "asset": 1623829831570,
    "meta": 1623978699953,
    "relativePath": "Texture\\image\\award\\congrat-award.png"
  },
  "279bf1ce-3270-4ba4-b52b-8cc5efa2cec9": {
    "asset": 1623829831572,
    "meta": 1623978699967,
    "relativePath": "Texture\\image\\award\\congratulation.png"
  },
  "1a6388fa-0001-49b2-b524-6a3ff9f35ee1": {
    "asset": 1623829831573,
    "meta": 1623978699985,
    "relativePath": "Texture\\image\\award\\continue.png"
  },
  "8fad1711-f246-472e-a430-dc83d732d4d7": {
    "asset": 1623829831574,
    "meta": 1623978699993,
    "relativePath": "Texture\\image\\award\\light1.png"
  },
  "0fb82376-0d96-436e-8909-df8738e31479": {
    "asset": 1623829831575,
    "meta": 1623978699996,
    "relativePath": "Texture\\image\\award\\lighty.png"
  },
  "501f2fb1-9ff9-4ceb-965c-58c4e72ba9d6": {
    "asset": 1623829831578,
    "meta": 1623978700007,
    "relativePath": "Texture\\image\\award\\win_cash_now.png"
  },
  "659399d8-910b-4dde-8d8f-18d53ad6af80": {
    "asset": 1623829831576,
    "meta": 1623978700016,
    "relativePath": "Texture\\image\\award\\ppcard2.png"
  },
  "bb2fe5b0-3d42-4e32-a3f6-2ec43c09b9b4": {
    "asset": 1623978595934,
    "meta": 1623829831578,
    "relativePath": "Texture\\image\\banner"
  },
  "79d1f1fd-3eee-474d-92e2-9cc3b81daf49": {
    "asset": 1623829831577,
    "meta": 1623978700040,
    "relativePath": "Texture\\image\\award\\win.png"
  },
  "cc40d8e1-b482-43e4-a1e7-e33fbce79ef7": {
    "asset": 1623829831578,
    "meta": 1623978700043,
    "relativePath": "Texture\\image\\banner\\adsonly.png"
  },
  "b9961142-7421-4b9b-a493-3a20abe53049": {
    "asset": 1623978595943,
    "meta": 1623829831580,
    "relativePath": "Texture\\image\\effect"
  },
  "3501b3e6-529d-4eb2-a4af-9b53b9a3aeed": {
    "asset": 1623829831579,
    "meta": 1623978700051,
    "relativePath": "Texture\\image\\banner\\playNow.png"
  },
  "d3a85911-b483-4dc8-8865-5b238ad02e67": {
    "asset": 1623829831581,
    "meta": 1623978700069,
    "relativePath": "Texture\\image\\effect\\light1.png"
  },
  "a57eb7f6-6c8c-4c54-9c1e-b6f856a649e5": {
    "asset": 1623978595965,
    "meta": 1623829831582,
    "relativePath": "Texture\\image\\icon"
  },
  "ac0abeb0-04c3-4a82-99e4-3b62471586cb": {
    "asset": 1623829831583,
    "meta": 1623978700085,
    "relativePath": "Texture\\image\\icon\\hand.png"
  },
  "e7fa0ad0-5557-4267-918f-835ba0ad0766": {
    "asset": 1623829831582,
    "meta": 1623978700085,
    "relativePath": "Texture\\image\\effect\\light2.png"
  },
  "8943bad5-49c7-4070-8794-f4b664981877": {
    "asset": 1623829831584,
    "meta": 1623978700110,
    "relativePath": "Texture\\image\\icon\\redPoint.png"
  },
  "f91f0a46-2000-4ba5-85e3-1942584ae60f": {
    "asset": 1623829831583,
    "meta": 1623978700112,
    "relativePath": "Texture\\image\\icon\\hand1.png"
  },
  "a3039300-7538-4c0b-ab88-54cb650c516d": {
    "asset": 1623829831584,
    "meta": 1623978700121,
    "relativePath": "Texture\\image\\icon\\关.png"
  },
  "06ae3f8e-5ed5-4004-ba96-098a4c035737": {
    "asset": 1623829831585,
    "meta": 1623978700123,
    "relativePath": "Texture\\image\\icon\\开.png"
  },
  "f3d50616-f0b5-4492-8f4d-082a378256ca": {
    "asset": 1623978595983,
    "meta": 1623829831586,
    "relativePath": "Texture\\image\\particle"
  },
  "a93cce3b-a925-4d18-8c7c-372c398c262a": {
    "asset": 1623829831586,
    "meta": 1623978700482,
    "relativePath": "Texture\\image\\particle\\orange.plist"
  },
  "dec313a4-08ad-4867-9553-0356d2760893": {
    "asset": 1623829831588,
    "meta": 1623978700483,
    "relativePath": "Texture\\image\\particle\\yellow_2.plist"
  },
  "83d37ce7-6b40-4545-9170-47d5dd3cfbdd": {
    "asset": 1623829831589,
    "meta": 1623978700490,
    "relativePath": "Texture\\image\\particle\\yellow_3.plist"
  },
  "01a19573-f023-497c-9353-3ab902c3b999": {
    "asset": 1623829831589,
    "meta": 1623978700491,
    "relativePath": "Texture\\image\\particle\\yellow_4.plist"
  },
  "1bc8e035-bea9-42a6-b1e6-959b89508878": {
    "asset": 1623987157977,
    "meta": 1623829831591,
    "relativePath": "Texture\\image\\paypal"
  },
  "6edc34b6-5f28-47f4-9d31-af978f23db33": {
    "asset": 1623829831585,
    "meta": 1623978700140,
    "relativePath": "Texture\\image\\icon\\按钮背景.png"
  },
  "4c4d863e-e4a1-466b-82c2-a401d096a7ae": {
    "asset": 1623829831592,
    "meta": 1623978700158,
    "relativePath": "Texture\\image\\paypal\\alarm.png"
  },
  "e2de910d-c8a2-42e6-a5b3-7fdabc8afa59": {
    "asset": 1623829831594,
    "meta": 1623978700168,
    "relativePath": "Texture\\image\\paypal\\light.png"
  },
  "a68dc612-8ccd-40f5-8bc7-28f43fc756ba": {
    "asset": 1623829831587,
    "meta": 1623978700494,
    "relativePath": "Texture\\image\\particle\\yellow.plist"
  },
  "e8e48fb2-bd64-4fc8-bc15-a70823fafdc2": {
    "asset": 1623829831598,
    "meta": 1623978700170,
    "relativePath": "Texture\\image\\paypal\\pp_card.png"
  },
  "93ed8d28-e2e7-42f1-a44d-7006d78a6c0b": {
    "asset": 1623829831599,
    "meta": 1623978700193,
    "relativePath": "Texture\\image\\paypal\\pp_logo_board.png"
  },
  "2f023a8b-3408-4484-86ea-e192c91297b6": {
    "asset": 1623829831599,
    "meta": 1623978700195,
    "relativePath": "Texture\\image\\paypal\\pp_icon_board.png"
  },
  "32a79629-c007-4faa-b4d5-85b0dd1888d9": {
    "asset": 1623829831601,
    "meta": 1623978700235,
    "relativePath": "Texture\\image\\paypal\\pp_page_blur.jpg"
  },
  "918ee9f7-9b16-45ae-9d02-91d07fc04770": {
    "asset": 1623829831600,
    "meta": 1623978700236,
    "relativePath": "Texture\\image\\paypal\\pp_page.jpg"
  },
  "a96029e3-075d-4b12-9d59-4277ef166f73": {
    "asset": 1623829831602,
    "meta": 1623978700254,
    "relativePath": "Texture\\image\\paypal\\ppcircle.png"
  },
  "13b95396-746b-43cf-b29a-533b76b66752": {
    "asset": 1623829831596,
    "meta": 1623978700278,
    "relativePath": "Texture\\image\\paypal\\ppCard.png"
  },
  "b8e70649-fdbd-4133-8389-b3e114923900": {
    "asset": 1623829831597,
    "meta": 1623978700280,
    "relativePath": "Texture\\image\\paypal\\ppIcon_light.png"
  },
  "9e2c25b0-a8e8-4429-a0d5-3f31bbf16330": {
    "asset": 1623829831597,
    "meta": 1623978700290,
    "relativePath": "Texture\\image\\paypal\\ppLogo.png"
  },
  "53fbec7a-175a-4a12-935d-4471f1fbb777": {
    "asset": 1623829831598,
    "meta": 1623978700292,
    "relativePath": "Texture\\image\\paypal\\ppLogo1.png"
  },
  "c5c1fc40-7117-4510-99e4-ad24988e836d": {
    "asset": 1623829831603,
    "meta": 1623978700316,
    "relativePath": "Texture\\image\\paypal\\progress_bar.png"
  },
  "7eb5052d-ff9b-4ca4-8925-1c83b53a83e2": {
    "asset": 1623829831604,
    "meta": 1623978700323,
    "relativePath": "Texture\\image\\paypal\\score_board.png"
  },
  "044a61fd-9494-439f-a3a2-1ca47c7c7790": {
    "asset": 1623829831606,
    "meta": 1623978700328,
    "relativePath": "Texture\\image\\paypal\\光效+ppka.png"
  },
  "c6e8edfd-30d3-4891-9b08-0989cc859f24": {
    "asset": 1623978596077,
    "meta": 1623829831608,
    "relativePath": "Texture\\image\\turn"
  },
  "ee6ec9a1-fdf9-4ac9-aace-f6b1c31fdc85": {
    "asset": 1623829831607,
    "meta": 1623978700334,
    "relativePath": "Texture\\image\\paypal\\进度条（满）.png"
  },
  "1d6f9fc6-5bbe-49f1-8c5d-3456416e108d": {
    "asset": 1623829831608,
    "meta": 1623978700342,
    "relativePath": "Texture\\image\\turn\\gold.png"
  },
  "594d598d-ba39-4f23-a08a-3bd0aee66db7": {
    "asset": 1623829831608,
    "meta": 1623978700352,
    "relativePath": "Texture\\image\\turn\\arrow1.png"
  },
  "45b5cfa1-8999-49de-afbf-55723e255c4b": {
    "asset": 1623829831610,
    "meta": 1623978700370,
    "relativePath": "Texture\\image\\turn\\iphone-12-pro-max-blue-hero.png"
  },
  "080adf12-cfbd-4a02-9540-20a7a682fb5c": {
    "asset": 1623829831610,
    "meta": 1623978700376,
    "relativePath": "Texture\\image\\turn\\playnow1.png"
  },
  "993553dd-d340-4ae8-8d9b-00e4b6e0d508": {
    "asset": 1623829831611,
    "meta": 1623978700402,
    "relativePath": "Texture\\image\\turn\\spinBtn.png"
  },
  "57a8f279-a672-4890-a890-87a6baf7717f": {
    "asset": 1624330451280,
    "meta": 1623829831612,
    "relativePath": "Texture\\music"
  },
  "1020f0cf-5ef3-4ef0-9fbd-6c5baa71fd7b": {
    "asset": 1623829831612,
    "meta": 1623978700406,
    "relativePath": "Texture\\image\\turn\\turn_box.png"
  },
  "09210dbe-001b-4e06-bbff-4bed125710d3": {
    "asset": 1623829831613,
    "meta": 1623978700411,
    "relativePath": "Texture\\music\\bomb.mp3"
  },
  "f8cbf3fe-132d-4ba4-8b4a-fbb1919d29e8": {
    "asset": 1623829831613,
    "meta": 1623978700415,
    "relativePath": "Texture\\music\\cheer.mp3"
  },
  "3348f23f-533e-4af4-8c2a-d2fee93ad3fb": {
    "asset": 1623829831614,
    "meta": 1623978700420,
    "relativePath": "Texture\\music\\click.mp3"
  },
  "a277c120-7df9-4eb2-b7d1-6188aec02b23": {
    "asset": 1623829831615,
    "meta": 1623978700422,
    "relativePath": "Texture\\music\\correct.mp3"
  },
  "059359d8-1c77-40f1-8b97-d74db9dbcf5a": {
    "asset": 1623829831615,
    "meta": 1623978700428,
    "relativePath": "Texture\\music\\money.mp3"
  },
  "a412139e-a16c-42c5-a9ec-1826fc91e0d2": {
    "asset": 1623829831616,
    "meta": 1623978700429,
    "relativePath": "Texture\\music\\spin.mp3"
  },
  "89b972b8-be5f-4ae1-baea-56d05e702406": {
    "asset": 1623978596107,
    "meta": 1623829831617,
    "relativePath": "Texture\\particle"
  },
  "fa1f0ee8-e639-4cc2-b55c-712ee8cf569f": {
    "asset": 1623829831617,
    "meta": 1623978700435,
    "relativePath": "Texture\\music\\timing.mp3"
  },
  "a8027877-d8d6-4645-97a0-52d4a0123dba": {
    "asset": 1623829831618,
    "meta": 1623978700454,
    "relativePath": "Texture\\singleColor.png"
  },
  "bd8d3397-d2e0-44f6-8079-5d1535228fe5": {
    "asset": 1623829831617,
    "meta": 1623978700506,
    "relativePath": "Texture\\particle\\yellow_32.plist"
  },
  "5e3b8828-9725-46d3-80d6-6f89c25f2e2b": {
    "asset": 1623979038787,
    "meta": 1623979038924,
    "relativePath": "Texture\\image\\background.png"
  },
  "4005c75b-948e-4673-998b-92813616ed0c": {
    "asset": 1623979328209,
    "meta": 1623979328234,
    "relativePath": "Texture\\image\\box_8.png"
  },
  "798d9cb7-02eb-4637-aeaf-6f59755d4d3b": {
    "asset": 1623979333426,
    "meta": 1623979333440,
    "relativePath": "Texture\\image\\box_4.png"
  },
  "f8c75cea-1739-4294-a85a-5c52050b7d91": {
    "asset": 1623979343092,
    "meta": 1623979343107,
    "relativePath": "Texture\\image\\box_5.png"
  },
  "53247488-ace4-404d-ae03-69f65d5314c5": {
    "asset": 1623979351743,
    "meta": 1623979351768,
    "relativePath": "Texture\\image\\box_21.png"
  },
  "510fad50-b5cd-4827-8f28-a47aac33302d": {
    "asset": 1623979358755,
    "meta": 1623979358779,
    "relativePath": "Texture\\image\\box_22.png"
  },
  "f89a506e-1ea5-40d1-b409-59a5178ba6f0": {
    "asset": 1623981144697,
    "meta": 1623981144726,
    "relativePath": "Texture\\image\\wall.png"
  },
  "e909c998-10bc-4059-9867-c0d13ea1a273": {
    "asset": 1623981538110,
    "meta": 1623981538147,
    "relativePath": "Texture\\image\\play_ball_skin_0.png"
  },
  "945d4129-cdd0-4413-a8f9-91eb55d87f62": {
    "asset": 1623983899195,
    "meta": 1623983899224,
    "relativePath": "Texture\\image\\paypal\\progress.png"
  },
  "7585ea75-e2f6-44e0-bc54-34b19f981a54": {
    "asset": 1623985749734,
    "meta": 1623985749773,
    "relativePath": "Texture\\image\\bg_paypal.png"
  },
  "07c622d4-8133-404a-a88e-fd8eb4d5b27d": {
    "asset": 1623985993769,
    "meta": 1623985993834,
    "relativePath": "Texture\\image\\paypal\\pp_icon_white_line.png"
  },
  "fb4701f2-95b4-474a-941e-98681f085a47": {
    "asset": 1623986345361,
    "meta": 1623986345394,
    "relativePath": "Texture\\image\\progress.png"
  },
  "44f64ac8-be78-4d7d-8c2f-b921d0e45318": {
    "asset": 1623987085004,
    "meta": 1623987085043,
    "relativePath": "Texture\\image\\bg_cash.png"
  },
  "8cd2297b-5532-4856-a7d2-96a323ea9d62": {
    "asset": 1623987157974,
    "meta": 1623987158016,
    "relativePath": "Texture\\image\\paypal\\pp_icon.png"
  },
  "d862b9bc-c785-482a-a271-cb8276958d90": {
    "asset": 1623997729734,
    "meta": 1623997729781,
    "relativePath": "Texture\\image\\bgHand.png"
  },
  "355ffa29-0f96-4777-8659-4d1c98b74228": {
    "asset": 1623998536993,
    "meta": 1623998572983,
    "relativePath": "Script\\Model\\ConstValue.js"
  },
  "edd4ed8f-4224-48ff-9bff-a45af4b77315": {
    "asset": 1624010594691,
    "meta": 1624010594711,
    "relativePath": "Texture\\animation\\handclip.anim"
  },
  "c6dc7fc4-7635-4915-9cdb-c7eca7ff1d00": {
    "asset": 1624014892796,
    "meta": 1624014892849,
    "relativePath": "Texture\\image\\icon_luckyball.jpg"
  },
  "01ae45c5-808f-424d-95c3-fd424cdc10dc": {
    "asset": 1624014892797,
    "meta": 1624014892912,
    "relativePath": "Texture\\image\\logo_crasher_new_2.png"
  },
  "7906ed96-144e-4e10-b467-07aaa6c93ff6": {
    "asset": 1624015037168,
    "meta": 1624015037208,
    "relativePath": "Texture\\image\\playNow.png"
  },
  "63f6c752-912f-4a69-8943-e2b6ce4d33af": {
    "asset": 1624264352767,
    "meta": 1624171670720,
    "relativePath": "Texture\\prefab"
  },
  "1fb764c3-2f60-4eb6-8a5f-9321aceea5de": {
    "asset": 1624254671328,
    "meta": 1624254671351,
    "relativePath": "Texture\\prefab\\ball.prefab"
  },
  "70e5a5f9-3c45-47fa-90bd-764bfd5542f1": {
    "asset": 1624239295667,
    "meta": 1624239295686,
    "relativePath": "Texture\\animation\\move.anim"
  },
  "e54de1e2-58b1-49aa-8c1d-58789f3febfd": {
    "asset": 1624256861217,
    "meta": 1624256815266,
    "relativePath": "resources"
  },
  "923b6c63-9cb5-42ff-b973-537d8208fcee": {
    "asset": 1623979358755,
    "meta": 1624256861250,
    "relativePath": "resources\\box_22.png"
  },
  "6448911d-4f92-4ae1-8d17-08d036a352bf": {
    "asset": 1623979351743,
    "meta": 1624256861253,
    "relativePath": "resources\\box_21.png"
  },
  "3300404a-09f8-4faf-b0dd-b66439bf42b5": {
    "asset": 1623979333426,
    "meta": 1624256861265,
    "relativePath": "resources\\box_4.png"
  },
  "ea261d85-afe5-4780-b508-56019e81708a": {
    "asset": 1623979343092,
    "meta": 1624256861269,
    "relativePath": "resources\\box_5.png"
  },
  "721bfcbe-ba1b-4a4c-a2a6-b54251de6497": {
    "asset": 1623979328209,
    "meta": 1624256861279,
    "relativePath": "resources\\box_8.png"
  },
  "ba6f7c7a-fc44-44e8-97d6-d959ed09c240": {
    "asset": 1624264352743,
    "meta": 1624264352767,
    "relativePath": "Texture\\prefab\\pp.prefab"
  },
  "d7d1f5fa-2a7d-4a18-987a-b88c3b25c470": {
    "asset": 1624330447655,
    "meta": 1624330447668,
    "relativePath": "Texture\\music\\fresh.mp3"
  },
  "35729cf6-cb12-42e8-8cc7-29f1e7929077": {
    "asset": 1624330451276,
    "meta": 1624330451289,
    "relativePath": "Texture\\music\\combine.mp3"
  },
  "01dc193b-ce00-41ce-bc86-691131151da5": {
    "asset": 1624331522942,
    "meta": 1624331555039,
    "relativePath": "Script\\Utils\\AudioUtils.js"
  },
  "53476def-3995-40bc-9a29-43b7e9aa7b6e": {
    "asset": 1624350950790,
    "meta": 1624350953666,
    "relativePath": "Script\\Views\\ProgressView.js"
  },
  "f7d2a025-699d-4850-93f7-93181780c74c": {
    "asset": 1624408809638,
    "meta": 1624408823904,
    "relativePath": "Script\\Views\\GuideView.js"
  },
  "082c1ad5-1475-4be4-926d-90ca33af2db6": {
    "asset": 1624410961072,
    "meta": 1624410965247,
    "relativePath": "Script\\Views\\CashView.js"
  },
  "89139d9c-4f43-4e4e-984d-563d9e9192ea": {
    "asset": 1624412036153,
    "meta": 1624412041508,
    "relativePath": "Script\\Views\\AwardView.js"
  },
  "3e44000f-a899-4e42-8383-e515740e7a5e": {
    "asset": 1624415311619,
    "meta": 1624415330180,
    "relativePath": "Texture\\image\\icon_luckyball.png"
  },
  "7fb0f59f-8f24-4abd-858a-e8ede28496bf": {
    "asset": 1624418006616,
    "meta": 1624418009453,
    "relativePath": "Script\\Utils\\Animation.js"
  },
  "430eccbf-bf2c-4e6e-8c0c-884bbb487f32": {
    "asset": 1568707382000,
    "meta": 1624512542341,
    "relativePath": "effects\\__builtin-editor-gizmo-line.effect"
  },
  "6c5cf6e1-b044-4eac-9431-835644d57381": {
    "asset": 1568707382000,
    "meta": 1624512542406,
    "relativePath": "effects\\__builtin-editor-gizmo-unlit.effect"
  },
  "115286d1-2e10-49ee-aab4-341583f607e8": {
    "asset": 1568707382000,
    "meta": 1624512542525,
    "relativePath": "effects\\__builtin-editor-gizmo.effect"
  },
  "abc2cb62-7852-4525-a90d-d474487b88f2": {
    "asset": 1568707382000,
    "meta": 1624512542528,
    "relativePath": "effects\\builtin-phong.effect"
  },
  "e851e89b-faa2-4484-bea6-5c01dd9f06e2": {
    "asset": 1568707382000,
    "meta": 1624512542562,
    "relativePath": "image\\default_btn_normal.png"
  },
  "71561142-4c83-4933-afca-cb7a17f67053": {
    "asset": 1568707382000,
    "meta": 1624512542565,
    "relativePath": "image\\default_btn_disabled.png"
  },
  "b43ff3c2-02bb-4874-81f7-f2dea6970f18": {
    "asset": 1568707382000,
    "meta": 1624512542576,
    "relativePath": "image\\default_btn_pressed.png"
  },
  "edd215b9-2796-4a05-aaf5-81f96c9281ce": {
    "asset": 1568707382000,
    "meta": 1624512542579,
    "relativePath": "image\\default_editbox_bg.png"
  },
  "d81ec8ad-247c-4e62-aa3c-d35c4193c7af": {
    "asset": 1568707382000,
    "meta": 1624512542588,
    "relativePath": "image\\default_panel.png"
  },
  "99170b0b-d210-46f1-b213-7d9e3f23098a": {
    "asset": 1568707382000,
    "meta": 1624512542590,
    "relativePath": "image\\default_progressbar_bg.png"
  },
  "cfef78f1-c8df-49b7-8ed0-4c953ace2621": {
    "asset": 1568707382000,
    "meta": 1624512542601,
    "relativePath": "image\\default_progressbar.png"
  },
  "567dcd80-8bf4-4535-8a5a-313f1caf078a": {
    "asset": 1568707382000,
    "meta": 1624512542603,
    "relativePath": "image\\default_radio_button_off.png"
  },
  "4bab67cb-18e6-4099-b840-355f0473f890": {
    "asset": 1568707382000,
    "meta": 1624512542614,
    "relativePath": "image\\default_scrollbar_bg.png"
  },
  "9d60001f-b5f4-4726-a629-2659e3ded0b8": {
    "asset": 1568707382000,
    "meta": 1624512542616,
    "relativePath": "image\\default_radio_button_on.png"
  },
  "617323dd-11f4-4dd3-8eec-0caf6b3b45b9": {
    "asset": 1568707382000,
    "meta": 1624512542625,
    "relativePath": "image\\default_scrollbar_vertical_bg.png"
  },
  "d6d3ca85-4681-47c1-b5dd-d036a9d39ea2": {
    "asset": 1568707382000,
    "meta": 1624512542627,
    "relativePath": "image\\default_scrollbar_vertical.png"
  },
  "0291c134-b3da-4098-b7b5-e397edbe947f": {
    "asset": 1568707382000,
    "meta": 1624512542649,
    "relativePath": "image\\default_scrollbar.png"
  },
  "0275e94c-56a7-410f-bd1a-fc7483f7d14a": {
    "asset": 1568707382000,
    "meta": 1624512542652,
    "relativePath": "image\\default_sprite_splash.png"
  },
  "6e056173-d285-473c-b206-40a7fff5386e": {
    "asset": 1568707382000,
    "meta": 1624512542662,
    "relativePath": "image\\default_sprite.png"
  },
  "73a0903d-d80e-4e3c-aa67-f999543c08f5": {
    "asset": 1568707382000,
    "meta": 1624512542665,
    "relativePath": "image\\default_toggle_checkmark.png"
  },
  "c25b9d50-c8fc-4d27-beeb-6e7c1f2e5c0f": {
    "asset": 1568707382000,
    "meta": 1624512542677,
    "relativePath": "image\\default_toggle_disabled.png"
  },
  "d29077ba-1627-4a72-9579-7b56a235340c": {
    "asset": 1568707382000,
    "meta": 1624512542680,
    "relativePath": "image\\default_toggle_normal.png"
  },
  "c4480a0a-6ac5-443f-8b40-361a14257fc8": {
    "asset": 1568707382000,
    "meta": 1624512542683,
    "relativePath": "materials\\builtin-phong.mtl"
  },
  "2be36297-9abb-4fee-8049-9ed5e271da8a": {
    "asset": 1568707382000,
    "meta": 1624512542690,
    "relativePath": "misc\\default_video.mp4"
  },
  "b181c1e4-0a72-4a91-bfb0-ae6f36ca60bd": {
    "asset": 1568707382000,
    "meta": 1624512542693,
    "relativePath": "image\\default_toggle_pressed.png"
  },
  "a87cc147-01b2-43f8-8e42-a7ca90b0c757": {
    "asset": 1568707382000,
    "meta": 1624512542698,
    "relativePath": "model\\prefab\\box.prefab"
  },
  "fe1417b6-fe6b-46a4-ae7c-9fd331f33a2a": {
    "asset": 1568707382000,
    "meta": 1624512542702,
    "relativePath": "model\\prefab\\capsule.prefab"
  },
  "b5fc2cf2-7942-483d-be1f-bbeadc4714ad": {
    "asset": 1568707382000,
    "meta": 1624512542707,
    "relativePath": "model\\prefab\\cone.prefab"
  },
  "1c5e4038-953a-44c2-b620-0bbfc6170477": {
    "asset": 1568707382000,
    "meta": 1624512542708,
    "relativePath": "model\\prefab\\cylinder.prefab"
  },
  "3f376125-a699-40ca-ad05-04d662eaa1f2": {
    "asset": 1568707382000,
    "meta": 1624512542712,
    "relativePath": "model\\prefab\\plane.prefab"
  },
  "6c9ef10d-b479-420b-bfe6-39cdda6a8ae0": {
    "asset": 1568707382000,
    "meta": 1624512542714,
    "relativePath": "model\\prefab\\quad.prefab"
  },
  "2d9a4b85-b0ab-4c46-84c5-18f393ab2058": {
    "asset": 1568707382000,
    "meta": 1624512542717,
    "relativePath": "model\\prefab\\sphere.prefab"
  },
  "de510076-056b-484f-b94c-83bef217d0e1": {
    "asset": 1568707382000,
    "meta": 1624512542782,
    "relativePath": "model\\prefab\\torus.prefab"
  },
  "8a96b965-2dc0-4e03-aa90-3b79cb93b5b4": {
    "asset": 1568707382000,
    "meta": 1624512542799,
    "relativePath": "obsolete\\atom.png"
  },
  "b8223619-7e38-47c4-841f-9160c232495a": {
    "asset": 1568707382000,
    "meta": 1624512543152,
    "relativePath": "obsolete\\atom.plist"
  },
  "d0a82d39-bede-46c4-b698-c81ff0dedfff": {
    "asset": 1568707382000,
    "meta": 1624512542815,
    "relativePath": "particle\\atom.png"
  },
  "972b9a4d-47ee-4c74-b5c3-61d8a69bc29f": {
    "asset": 1568707382000,
    "meta": 1624512542820,
    "relativePath": "prefab\\button.prefab"
  },
  "897ef7a1-4860-4f64-968d-f5924b18668a": {
    "asset": 1568707382000,
    "meta": 1624512542823,
    "relativePath": "prefab\\camera.prefab"
  },
  "b2687ac4-099e-403c-a192-ff477686f4f5": {
    "asset": 1568707382000,
    "meta": 1624512543156,
    "relativePath": "particle\\atom.plist"
  },
  "2c937608-2562-40ea-b264-7395df6f0cea": {
    "asset": 1568707382000,
    "meta": 1624512542828,
    "relativePath": "prefab\\canvas.prefab"
  },
  "61aeb05b-3b32-452b-8eed-2b76deeed554": {
    "asset": 1568707382000,
    "meta": 1624512542832,
    "relativePath": "prefab\\editbox.prefab"
  },
  "27756ebb-3d33-44b0-9b96-e858fadd4dd4": {
    "asset": 1568707382000,
    "meta": 1624512542836,
    "relativePath": "prefab\\label.prefab"
  },
  "785a442c-3ceb-45be-a46e-7317f625f3b9": {
    "asset": 1568707382000,
    "meta": 1624512542839,
    "relativePath": "prefab\\layout.prefab"
  },
  "ddb99b39-7004-47cd-9705-751905c43c46": {
    "asset": 1568707382000,
    "meta": 1624512542843,
    "relativePath": "prefab\\light.prefab"
  },
  "ca8401fe-ad6e-41a8-bd46-8e3e4e9945be": {
    "asset": 1568707382000,
    "meta": 1624512542848,
    "relativePath": "prefab\\pageview.prefab"
  },
  "cd33edea-55f5-46c2-958d-357a01384a36": {
    "asset": 1568707382000,
    "meta": 1624512542851,
    "relativePath": "prefab\\particlesystem.prefab"
  },
  "5965ffac-69da-4b55-bcde-9225d0613c28": {
    "asset": 1568707382000,
    "meta": 1624512542854,
    "relativePath": "prefab\\progressBar.prefab"
  },
  "4a37dd57-78cd-4cec-aad4-f11a73d12b63": {
    "asset": 1568707382000,
    "meta": 1624512542858,
    "relativePath": "prefab\\richtext.prefab"
  },
  "32044bd2-481f-4cf1-a656-e2b2fb1594eb": {
    "asset": 1568707382000,
    "meta": 1624512542861,
    "relativePath": "prefab\\scrollview.prefab"
  },
  "0004d1cf-a0ad-47d8-ab17-34d3db9d35a3": {
    "asset": 1568707382000,
    "meta": 1624512542864,
    "relativePath": "prefab\\slider.prefab"
  },
  "1f55e3be-b89b-4b79-88de-47fd31018044": {
    "asset": 1568707382000,
    "meta": 1624512542867,
    "relativePath": "prefab\\sprite_splash.prefab"
  },
  "96083d03-c332-4a3f-9386-d03e2d19e8ee": {
    "asset": 1568707382000,
    "meta": 1624512542871,
    "relativePath": "prefab\\sprite.prefab"
  },
  "7de03a80-4457-438d-95a7-3e7cdffd6086": {
    "asset": 1568707382000,
    "meta": 1624512542880,
    "relativePath": "prefab\\tiledmap.prefab"
  },
  "0e42ba95-1fa1-46aa-b2cf-143cd1bcee2c": {
    "asset": 1568707382000,
    "meta": 1624512542900,
    "relativePath": "prefab\\tiledtile.prefab"
  },
  "0d784963-d024-4ea6-a7db-03be0ad63010": {
    "asset": 1568707382000,
    "meta": 1624512542914,
    "relativePath": "prefab\\toggle.prefab"
  },
  "bf0a434c-84dd-4a8e-a08a-7a36f180cc75": {
    "asset": 1568707382000,
    "meta": 1624512542956,
    "relativePath": "prefab\\toggleContainer.prefab"
  },
  "d1b8be49-b0a0-435c-83b7-552bed4bbe35": {
    "asset": 1568707382000,
    "meta": 1624512542971,
    "relativePath": "prefab\\toggleGroup.prefab"
  },
  "232d2782-c4bd-4bb4-9e01-909f03d6d3b9": {
    "asset": 1568707382000,
    "meta": 1624512542987,
    "relativePath": "prefab\\videoplayer.prefab"
  },
  "8c5001fd-07ee-4a4b-a8a0-63e15195e94d": {
    "asset": 1568707382000,
    "meta": 1624512542995,
    "relativePath": "prefab\\webview.prefab"
  },
  "144c3297-af63-49e8-b8ef-1cfa29b3be28": {
    "asset": 1568707382000,
    "meta": 1624512543004,
    "relativePath": "resources\\effects\\builtin-2d-gray-sprite.effect"
  },
  "0e93aeaa-0b53-4e40-b8e0-6268b4e07bd7": {
    "asset": 1568707382000,
    "meta": 1624512543015,
    "relativePath": "resources\\effects\\builtin-2d-spine.effect"
  },
  "2874f8dd-416c-4440-81b7-555975426e93": {
    "asset": 1568707382000,
    "meta": 1624512543024,
    "relativePath": "resources\\effects\\builtin-2d-sprite.effect"
  },
  "c0040c95-c57f-49cd-9cbc-12316b73d0d4": {
    "asset": 1568707382000,
    "meta": 1624512543029,
    "relativePath": "resources\\effects\\builtin-clear-stencil.effect"
  },
  "79eafaef-b7ef-45d9-9c3f-591dc836fc7a": {
    "asset": 1568707382000,
    "meta": 1624512543053,
    "relativePath": "resources\\effects\\builtin-unlit-transparent.effect"
  },
  "6d91e591-4ce0-465c-809f-610ec95019c6": {
    "asset": 1568707382000,
    "meta": 1624512543086,
    "relativePath": "resources\\effects\\builtin-unlit.effect"
  },
  "6f801092-0c37-4f30-89ef-c8d960825b36": {
    "asset": 1568707382000,
    "meta": 1624512543089,
    "relativePath": "resources\\materials\\builtin-2d-base.mtl"
  },
  "3a7bb79f-32fd-422e-ada2-96f518fed422": {
    "asset": 1568707382000,
    "meta": 1624512543100,
    "relativePath": "resources\\materials\\builtin-2d-gray-sprite.mtl"
  },
  "7afd064b-113f-480e-b793-8817d19f63c3": {
    "asset": 1568707382000,
    "meta": 1624512543103,
    "relativePath": "resources\\materials\\builtin-2d-spine.mtl"
  },
  "eca5d2f2-8ef6-41c2-bbe6-f9c79d09c432": {
    "asset": 1568707382000,
    "meta": 1624512543106,
    "relativePath": "resources\\materials\\builtin-2d-sprite.mtl"
  },
  "cf7e0bb8-a81c-44a9-ad79-d28d43991032": {
    "asset": 1568707382000,
    "meta": 1624512543109,
    "relativePath": "resources\\materials\\builtin-clear-stencil.mtl"
  },
  "2a296057-247c-4a1c-bbeb-0548b6c98650": {
    "asset": 1568707382000,
    "meta": 1624512543112,
    "relativePath": "resources\\materials\\builtin-unlit.mtl"
  },
  "954fec8b-cd16-4bb9-a3b7-7719660e7558": {
    "asset": 1568707382000,
    "meta": 1624512547454,
    "relativePath": "model\\primitives.fbx"
  },
  "2b97d8b0-2a62-4f85-828d-41e67d023f6d": {
    "asset": 1624513555812,
    "meta": 1624513801053,
    "relativePath": "Script\\Views\\GameView.js"
  },
  "00e1d2a5-1e6b-46df-957e-bb7c1e14aa30": {
    "asset": 1624523277349,
    "meta": 1624523371681,
    "relativePath": "Script\\Views\\BallView.js"
  },
  "d3e11f7d-985a-42c8-8adc-878713eea596": {
    "asset": 1624523368781,
    "meta": 1624523371682,
    "relativePath": "Script\\Views\\GraphView.js"
  }
}