{
  "version": "1.1.1",
  "windows": {
    "main": {
      "main": true,
      "url": "app://editor/index.html",
      "windowType": "dockable",
      "x": 1549,
      "y": 0,
      "width": 1552,
      "height": 832,
      "layout": {
        "children": [
          {
            "children": [
              {
                "active": 0,
                "children": [
                  "hierarchy"
                ],
                "height": 388.1092224121094,
                "type": "panel",
                "width": 279.0378112792969
              },
              {
                "active": 0,
                "children": [
                  "assets"
                ],
                "height": 325.09661865234375,
                "type": "panel",
                "width": 279.0378112792969
              }
            ],
            "height": 715.22265625,
            "type": "dock-v",
            "width": 279.0378112792969
          },
          {
            "children": [
              {
                "active": 0,
                "children": [
                  "scene"
                ],
                "height": 439.5125732421875,
                "type": "panel",
                "width": 887.10498046875
              },
              {
                "active": 1,
                "children": [
                  "console",
                  "timeline",
                  "game-window"
                ],
                "height": 273.70587158203125,
                "type": "panel",
                "width": 887.10498046875
              }
            ],
            "height": 715.22265625,
            "type": "dock-v",
            "width": 887.10498046875
          },
          {
            "active": 0,
            "children": [
              "inspector",
              "cocos-services"
            ],
            "height": 715.22265625,
            "type": "panel",
            "width": 365.0419921875
          }
        ],
        "type": "dock-h"
      },
      "panels": [
        "hierarchy",
        "assets",
        "console",
        "timeline",
        "game-window",
        "inspector",
        "cocos-services",
        "scene"
      ]
    }
  },
  "panels": {
    "project-settings": {
      "x": 474,
      "y": 131,
      "width": 601,
      "height": 565
    }
  }
}