{
  "__type__": "cc.AnimationClip",
  "_name": "little_guy",
  "_objFlags": 0,
  "_native": "",
  "_duration": 0.8571428571428571,
  "sample": 7,
  "speed": 1,
  "wrapMode": 2,
  "curveData": {
    "props": {
      "scale": [
        {
          "frame": 0,
          "value": {
            "__type__": "cc.Vec2",
            "x": 1,
            "y": 1
          }
        },
        {
          "frame": 0.42857142857142855,
          "value": {
            "__type__": "cc.Vec2",
            "x": 1,
            "y": 1.05
          }
        },
        {
          "frame": 0.8571428571428571,
          "value": {
            "__type__": "cc.Vec2",
            "x": 1,
            "y": 1
          }
        }
      ]
    }
  },
  "events": []
}